<Schema name="SteelWheels">
  <Cube name="SteelWheelsSales" visible="true" cache="true" enabled="true">
    <Table name="ORDERFACT">
    </Table>
    <Dimension visible="true" foreignKey="CUSTOMERNUMBER" highCardinality="false" name="Markets">
      <Hierarchy visible="true" hasAll="true" allMemberName="All Markets" primaryKey="CUSTOMERNUMBER">
        <Table name="CUSTOMER_W_TER">
        </Table>
        <Level name="Territory" visible="true" column="TERRITORY" type="String" uniqueMembers="true" levelType="Regular" hideMemberIf="Never">
        </Level>
        <Level name="Country" visible="true" column="COUNTRY" type="String" uniqueMembers="false" levelType="Regular" hideMemberIf="Never">
        </Level>
        <Level name="State Province" visible="true" column="STATE" type="String" uniqueMembers="true" levelType="Regular" hideMemberIf="Never">
        </Level>
        <Level name="City" visible="true" column="CITY" type="String" uniqueMembers="true" levelType="Regular" hideMemberIf="Never">
        </Level>
      </Hierarchy>
    </Dimension>
    <Dimension visible="true" foreignKey="CUSTOMERNUMBER" highCardinality="false" name="Customers">
      <Hierarchy visible="true" hasAll="true" allMemberName="All Customers" primaryKey="CUSTOMERNUMBER">
        <Table name="CUSTOMER_W_TER">
        </Table>
        <Level name="Customer" visible="true" column="CUSTOMERNAME" type="String" uniqueMembers="true" levelType="Regular" hideMemberIf="Never">
        </Level>
      </Hierarchy>
    </Dimension>
    <Dimension type="TimeDimension" visible="true" foreignKey="TIME_ID" highCardinality="false" name="Time">
      <Hierarchy visible="true" hasAll="true" allMemberName="All Years" primaryKey="TIME_ID">
        <Table name="DIM_TIME">
        </Table>
        <Level name="Years" visible="true" column="YEAR_ID" type="Integer" uniqueMembers="true" levelType="TimeYears" hideMemberIf="Never">
        </Level>
        <Level name="Quarters" visible="true" column="QTR_NAME" ordinalColumn="QTR_ID" type="String" uniqueMembers="false" levelType="TimeQuarters" hideMemberIf="Never">
        </Level>
        <Level name="Months" visible="true" column="MONTH_NAME" ordinalColumn="MONTH_ID" type="String" uniqueMembers="false" levelType="TimeMonths" hideMemberIf="Never">
        </Level>
      </Hierarchy>
    </Dimension>
    <Dimension visible="true" highCardinality="false" name="Order Status">
      <Hierarchy visible="true" hasAll="true" allMemberName="All Status Types" primaryKey="STATUS">
        <Level name="Type" visible="true" column="STATUS" type="String" uniqueMembers="true" levelType="Regular" hideMemberIf="Never">
        </Level>
      </Hierarchy>
    </Dimension>
    <Measure name="Quantity" column="QUANTITYORDERED" formatString="#,###" aggregator="sum">
    </Measure>
  </Cube>
</Schema>
